id_falha,id_maquina,data_falha,tipo_falha,tempo_parado_horas,custo_manutencao
1,23,2025-09-10,Superaquecimento,0 days 00:00:00.000000014,11081.11
2,35,2024-05-07,Problema de alinhamento,0 days 00:00:00.000000002,4751.09
3,41,2025-09-25,Falha pneumática,0 days 00:00:00.000000010,10716.29
4,3,2025-11-08,Sensor defeituoso,0 days 00:00:00.000000014,14785.71
5,15,2024-04-13,Problema de alinhamento,0 days 00:00:00.000000005,9717.42
6,24,2024-06-15,Falha pneumática,0 days 00:00:00.000000007,10217.54
7,45,2025-11-30,Falha mecânica,0 days 00:00:00.000000011,2981.51
8,16,2024-06-16,Contaminação de processo,0 days 00:00:00.000000007,14848.09
9,41,2025-12-05,Sensor defeituoso,0 days 00:00:00.000000012,12721.35
10,4,2024-08-22,Falha elétrica,0 days 00:00:00.000000014,6316.89
11,5,2024-08-04,Falha pneumática,0 days 00:00:00.000000004,7738.85
12,42,2025-04-14,Parada hidráulica,0 days 00:00:00.000000005,4076.1
13,36,2025-07-05,Superaquecimento,0 days 00:00:00.000000013,6712.29
14,38,2025-02-12,Falha pneumática,0 days 00:00:00.000000004,14964.3
15,33,2025-05-20,Falha mecânica,0 days 00:00:00.000000013,12985.99
16,10,2025-10-04,Parada hidráulica,0 days 00:00:00.000000014,6621.32
17,5,2025-01-29,Problema de alinhamento,0 days 00:00:00.000000011,7286.72
18,17,2025-07-20,Falha elétrica,0 days 00:00:00.000000012,2161.0
19,35,2024-09-30,Falha pneumática,0 days 00:00:00.000000002,6804.1
20,30,2024-01-04,Superaquecimento,0 days 00:00:00.000000017,11548.45
21,33,2024-04-18,Superaquecimento,0 days 00:00:00.000000015,7861.11
22,13,2024-06-05,Falha pneumática,0 days 00:00:00.000000013,8321.0
23,34,2024-01-01,Falha pneumática,0 days 00:00:00.000000009,2122.08
24,24,2024-11-10,Sensor defeituoso,0 days 00:00:00.000000001,13231.14
25,6,2024-03-28,Contaminação de processo,0 days 00:00:00.000000014,14680.78
26,35,2024-05-08,Parada hidráulica,0 days 00:00:00.000000012,14229.31
27,11,2024-09-28,Problema de alinhamento,0 days 00:00:00.000000017,13969.25
28,45,2024-07-24,Superaquecimento,0 days 00:00:00.000000007,10239.46
29,24,2025-03-24,Contaminação de processo,0 days 00:00:00.000000003,3758.11
30,22,2024-01-22,Sensor defeituoso,0 days 00:00:00.000000011,604.27
31,41,2024-03-01,Sensor defeituoso,0 days 00:00:00.000000002,955.49
32,22,2024-03-13,Sensor defeituoso,0 days 00:00:00.000000005,7538.51
33,35,2024-05-15,Contaminação de processo,0 days 00:00:00.000000005,7358.11
34,27,2024-07-13,Falha mecânica,0 days 00:00:00.000000002,6750.24
35,28,2025-02-24,Contaminação de processo,0 days 00:00:00.000000015,1285.48
36,42,2025-10-23,Falha mecânica,0 days 00:00:00.000000002,11059.1
37,7,2024-09-11,Sensor defeituoso,0 days 00:00:00.000000004,7004.9
38,28,2024-07-06,Superaquecimento,0 days 00:00:00.000000008,13180.05
39,5,2025-03-29,Falha mecânica,0 days 00:00:00.000000001,14989.6
40,1,2024-04-05,Sensor defeituoso,0 days 00:00:00.000000003,7541.8
41,14,2025-02-14,Falha elétrica,0 days 00:00:00.000000003,531.25
42,25,2024-09-28,Contaminação de processo,0 days 00:00:00.000000005,10600.58
43,36,2025-11-08,Contaminação de processo,0 days 00:00:00.000000003,4802.26
44,4,2025-08-16,Falha elétrica,0 days 00:00:00.000000013,1328.9
45,38,2025-05-03,Parada hidráulica,0 days 00:00:00.000000001,7863.51
46,12,2024-03-11,Falha mecânica,0 days 00:00:00.000000012,3910.46
47,8,2025-08-06,Sensor defeituoso,0 days 00:00:00.000000010,1076.25
48,6,2025-03-05,Falha pneumática,0 days 00:00:00.000000016,3461.76
49,21,2024-09-01,Superaquecimento,0 days 00:00:00.000000007,10239.51
50,20,2025-04-13,Falha pneumática,0 days 00:00:00.000000016,14068.15
51,1,2025-04-14,Falha mecânica,0 days 00:00:00.000000002,3590.74
52,17,2024-05-15,Falha pneumática,0 days 00:00:00.000000015,13249.42
53,24,2024-10-18,Parada hidráulica,0 days 00:00:00.000000008,8376.66
54,20,2025-09-18,Falha elétrica,0 days 00:00:00.000000012,8541.73
55,43,2024-04-16,Parada hidráulica,0 days 00:00:00.000000005,13400.83
56,36,2024-06-08,Superaquecimento,0 days 00:00:00.000000005,3554.13
57,22,2024-07-27,Superaquecimento,0 days 00:00:00.000000009,4141.26
58,4,2024-04-04,Problema de alinhamento,0 days 00:00:00.000000015,1139.26
59,22,2024-05-13,Superaquecimento,0 days 00:00:00.000000003,6906.61
60,28,2025-07-28,Falha elétrica,0 days 00:00:00.000000002,14203.24
61,45,2024-06-01,Falha elétrica,0 days 00:00:00.000000015,8946.39
62,10,2025-03-16,Parada hidráulica,0 days 00:00:00.000000001,5787.45
63,3,2025-01-01,Sensor defeituoso,0 days 00:00:00.000000012,10170.53
64,23,2025-07-27,Problema de alinhamento,0 days 00:00:00.000000017,11367.43
65,16,2024-06-15,Parada hidráulica,0 days 00:00:00.000000015,859.4
66,22,2025-02-25,Sensor defeituoso,0 days 00:00:00.000000005,11916.93
67,7,2025-01-26,Falha elétrica,0 days 00:00:00.000000015,3725.29
68,30,2024-12-24,Superaquecimento,0 days 00:00:00.000000014,13134.18
69,15,2024-01-25,Sensor defeituoso,0 days 00:00:00.000000007,4539.74
70,5,2024-10-12,Falha pneumática,0 days 00:00:00.000000011,6295.34
71,35,2024-12-05,Falha elétrica,0 days 00:00:00.000000002,14570.81
72,12,2025-08-17,Superaquecimento,0 days 00:00:00.000000001,9150.28
73,23,2024-11-17,Problema de alinhamento,0 days 00:00:00.000000011,7915.63
74,25,2025-08-13,Sensor defeituoso,0 days 00:00:00.000000005,10777.39
75,1,2025-06-16,Sensor defeituoso,0 days 00:00:00.000000007,1514.62
76,43,2024-12-04,Falha pneumática,0 days 00:00:00.000000012,2307.07
77,20,2025-06-03,Superaquecimento,0 days 00:00:00.000000012,5229.65
78,45,2024-10-29,Parada hidráulica,0 days 00:00:00.000000004,10141.48
79,25,2025-11-24,Parada hidráulica,0 days 00:00:00.000000011,4863.77
80,36,2024-01-01,Superaquecimento,0 days 00:00:00.000000005,6733.38
81,38,2025-09-13,Falha pneumática,0 days 00:00:00.000000008,6911.32
82,14,2025-06-07,Contaminação de processo,0 days 00:00:00.000000014,14417.56
83,11,2025-11-05,Falha mecânica,0 days 00:00:00.000000005,10125.88
84,40,2024-12-09,Falha mecânica,0 days 00:00:00.000000014,11391.5
85,44,2024-11-13,Sensor defeituoso,0 days 00:00:00.000000014,2636.63
86,3,2024-09-07,Contaminação de processo,0 days 00:00:00.000000011,11643.1
87,30,2025-02-28,Sensor defeituoso,0 days 00:00:00.000000013,6067.69
88,26,2024-09-06,Parada hidráulica,0 days 00:00:00.000000012,580.4
89,7,2025-03-11,Sensor defeituoso,0 days 00:00:00.000000003,14390.51
90,34,2025-04-20,Falha elétrica,0 days 00:00:00.000000010,13803.32
91,8,2025-04-12,Parada hidráulica,0 days 00:00:00.000000014,10179.88
92,36,2025-09-01,Falha pneumática,0 days 00:00:00.000000017,13425.68
93,40,2025-05-31,Problema de alinhamento,0 days 00:00:00.000000015,8444.14
94,11,2025-05-01,Contaminação de processo,0 days 00:00:00.000000005,4084.98
95,41,2024-10-10,Contaminação de processo,0 days 00:00:00.000000011,4481.66
96,5,2025-12-31,Superaquecimento,0 days 00:00:00.000000004,5369.79
97,35,2024-03-23,Parada hidráulica,0 days 00:00:00.000000003,6054.01
98,10,2025-12-24,Sensor defeituoso,0 days 00:00:00.000000002,6410.19
99,35,2025-04-22,Problema de alinhamento,0 days 00:00:00.000000002,12576.92
100,25,2025-08-21,Falha elétrica,0 days 00:00:00.000000015,11601.12
101,25,2025-05-03,Falha elétrica,0 days 00:00:00.000000017,4829.88
102,25,2025-03-05,Sensor defeituoso,0 days 00:00:00.000000009,4457.56
103,32,2024-01-30,Problema de alinhamento,0 days 00:00:00.000000006,10347.56
104,26,2024-06-18,Contaminação de processo,0 days 00:00:00.000000016,14720.47
105,35,2024-01-28,Problema de alinhamento,0 days 00:00:00.000000011,10113.5
106,6,2025-10-20,Problema de alinhamento,0 days 00:00:00.000000003,7194.63
107,4,2024-09-23,Problema de alinhamento,0 days 00:00:00.000000006,7093.14
108,22,2025-01-23,Superaquecimento,0 days 00:00:00.000000013,12562.9
109,17,2024-03-24,Contaminação de processo,0 days 00:00:00.000000001,8321.58
110,23,2024-08-17,Falha mecânica,0 days 00:00:00.000000014,9950.44
111,2,2024-09-10,Sensor defeituoso,0 days 00:00:00.000000015,9509.37
112,16,2024-05-09,Contaminação de processo,0 days 00:00:00.000000012,8677.56
113,14,2025-04-21,Superaquecimento,0 days 00:00:00.000000014,2932.94
114,39,2024-04-27,Parada hidráulica,0 days 00:00:00.000000017,2067.43
115,2,2024-11-15,Problema de alinhamento,0 days 00:00:00.000000007,10867.71
116,5,2025-08-29,Sensor defeituoso,0 days 00:00:00.000000002,11700.97
117,44,2025-09-06,Falha mecânica,0 days 00:00:00.000000014,8706.02
118,3,2024-12-21,Problema de alinhamento,0 days 00:00:00.000000012,1499.87
119,42,2024-12-15,Falha elétrica,0 days 00:00:00.000000015,12423.8
120,7,2025-03-19,Falha pneumática,0 days 00:00:00.000000011,12516.26
